degree,gamma,C,coef0,Training Data, Validation Data
1,0.001,0.01,0.001,23.36734693877551,21.011673151750973
1,0.01,0.01,0.001,23.36734693877551,21.011673151750973
1,0.1,0.01,0.001,43.87755102040816,34.824902723735406
1,1.0,0.01,0.001,93.31632653061224,66.14785992217898
1,10.0,0.01,0.001,99.59183673469387,65.95330739299611
1,100.0,0.01,0.001,99.84693877551021,65.95330739299611
2,0.001,0.01,0.001,23.77551020408163,21.78988326848249
2,0.01,0.01,0.001,63.57142857142857,50.38910505836576
2,0.1,0.01,0.001,99.74489795918367,67.89883268482491
2,1.0,0.01,0.001,99.94897959183675,68.09338521400778
2,10.0,0.01,0.001,99.94897959183675,68.09338521400778
2,100.0,0.01,0.001,99.94897959183675,68.09338521400778
3,0.001,0.01,0.001,23.8265306122449,21.78988326848249
3,0.01,0.01,0.001,98.62244897959184,68.28793774319067
3,0.1,0.01,0.001,99.94897959183675,68.8715953307393
3,1.0,0.01,0.001,99.94897959183675,68.8715953307393
3,10.0,0.01,0.001,99.94897959183675,68.8715953307393
3,100.0,0.01,0.001,99.94897959183675,68.8715953307393
4,0.001,0.01,0.001,23.92857142857143,21.40077821011673
4,0.01,0.01,0.001,99.79591836734694,68.48249027237354
4,0.1,0.01,0.001,99.94897959183675,68.8715953307393
4,1.0,0.01,0.001,99.94897959183675,68.8715953307393
4,10.0,0.01,0.001,99.94897959183675,68.8715953307393
4,100.0,0.01,0.001,98.62244897959184,68.8715953307393
1,0.001,0.01,0.01,23.36734693877551,21.011673151750973
1,0.01,0.01,0.01,23.36734693877551,21.011673151750973
1,0.1,0.01,0.01,43.826530612244895,34.824902723735406
1,1.0,0.01,0.01,93.31632653061224,66.14785992217898
1,10.0,0.01,0.01,99.59183673469387,65.95330739299611
1,100.0,0.01,0.01,99.84693877551021,65.95330739299611
2,0.001,0.01,0.01,23.77551020408163,21.78988326848249
2,0.01,0.01,0.01,63.62244897959184,50.38910505836576
2,0.1,0.01,0.01,99.74489795918367,67.89883268482491
2,1.0,0.01,0.01,99.94897959183675,68.09338521400778
2,10.0,0.01,0.01,99.94897959183675,68.09338521400778
2,100.0,0.01,0.01,99.94897959183675,68.09338521400778
3,0.001,0.01,0.01,23.8265306122449,21.78988326848249
3,0.01,0.01,0.01,98.62244897959184,68.28793774319067
3,0.1,0.01,0.01,99.94897959183675,68.8715953307393
3,1.0,0.01,0.01,99.94897959183675,68.8715953307393
3,10.0,0.01,0.01,99.94897959183675,68.8715953307393
3,100.0,0.01,0.01,99.94897959183675,68.8715953307393
4,0.001,0.01,0.01,23.92857142857143,21.40077821011673
4,0.01,0.01,0.01,99.79591836734694,68.48249027237354
4,0.1,0.01,0.01,99.94897959183675,68.8715953307393
4,1.0,0.01,0.01,99.94897959183675,68.8715953307393
4,10.0,0.01,0.01,99.94897959183675,68.8715953307393
1,0.001,0.01,0.1,23.36734693877551,21.011673151750973
1,0.01,0.01,0.1,23.36734693877551,21.011673151750973
1,0.1,0.01,0.1,43.87755102040816,34.824902723735406
1,1.0,0.01,0.1,93.31632653061224,66.14785992217898
1,10.0,0.01,0.1,99.59183673469387,65.95330739299611
1,100.0,0.01,0.1,99.84693877551021,65.95330739299611
2,0.001,0.01,0.1,23.72448979591837,21.78988326848249
2,0.01,0.01,0.1,63.92857142857142,50.583657587548636
2,0.1,0.01,0.1,99.74489795918367,67.89883268482491
2,1.0,0.01,0.1,99.94897959183675,68.09338521400778
2,10.0,0.01,0.1,99.94897959183675,68.09338521400778
2,100.0,0.01,0.1,99.94897959183675,68.09338521400778
3,0.001,0.01,0.1,23.8265306122449,21.98443579766537
3,0.01,0.01,0.1,98.62244897959184,68.48249027237354
3,0.1,0.01,0.1,99.94897959183675,68.8715953307393
3,1.0,0.01,0.1,99.94897959183675,68.8715953307393
3,10.0,0.01,0.1,99.94897959183675,68.8715953307393
3,100.0,0.01,0.1,99.94897959183675,68.8715953307393
4,0.001,0.01,0.1,23.77551020408163,21.40077821011673
4,0.01,0.01,0.1,99.79591836734694,68.28793774319067
4,0.1,0.01,0.1,99.94897959183675,68.8715953307393
4,1.0,0.01,0.1,99.94897959183675,68.8715953307393
4,10.0,0.01,0.1,99.94897959183675,68.8715953307393
4,100.0,0.01,0.1,98.62244897959184,68.8715953307393
1,0.001,0.01,1.0,23.36734693877551,21.011673151750973
1,0.01,0.01,1.0,23.36734693877551,21.011673151750973
1,0.1,0.01,1.0,43.87755102040816,34.824902723735406
1,1.0,0.01,1.0,93.31632653061224,66.14785992217898
1,10.0,0.01,1.0,99.59183673469387,65.95330739299611
1,100.0,0.01,1.0,99.84693877551021,65.95330739299611
2,0.001,0.01,1.0,23.520408163265305,21.40077821011673
2,0.01,0.01,1.0,67.75510204081633,54.08560311284047
2,0.1,0.01,1.0,99.74489795918367,67.89883268482491
2,1.0,0.01,1.0,99.94897959183675,68.09338521400778
2,10.0,0.01,1.0,99.94897959183675,68.09338521400778
2,100.0,0.01,1.0,99.94897959183675,68.09338521400778
3,0.001,0.01,1.0,23.72448979591837,21.78988326848249
3,0.01,0.01,1.0,99.03061224489797,68.48249027237354
3,0.1,0.01,1.0,99.94897959183675,68.8715953307393
3,1.0,0.01,1.0,99.94897959183675,68.8715953307393
3,10.0,0.01,1.0,99.94897959183675,68.8715953307393
3,100.0,0.01,1.0,99.94897959183675,68.8715953307393
4,0.001,0.01,1.0,23.8265306122449,21.78988326848249
4,0.01,0.01,1.0,99.84693877551021,68.09338521400778
4,0.1,0.01,1.0,99.94897959183675,68.8715953307393
4,1.0,0.01,1.0,99.94897959183675,68.8715953307393
4,10.0,0.01,1.0,99.94897959183675,68.8715953307393
4,100.0,0.01,1.0,98.62244897959184,68.8715953307393
1,0.001,0.01,10.0,23.36734693877551,21.011673151750973
1,0.01,0.01,10.0,23.36734693877551,21.011673151750973
1,0.1,0.01,10.0,43.87755102040816,34.824902723735406
1,1.0,0.01,10.0,93.31632653061224,66.14785992217898
1,10.0,0.01,10.0,99.59183673469387,65.95330739299611
1,100.0,0.01,10.0,99.84693877551021,65.95330739299611
2,0.001,0.01,10.0,23.36734693877551,21.011673151750973
2,0.01,0.01,10.0,82.5,65.1750972762646
2,0.1,0.01,10.0,99.74489795918367,67.70428015564202
2,1.0,0.01,10.0,99.94897959183675,68.09338521400778
2,10.0,0.01,10.0,99.94897959183675,68.09338521400778
2,100.0,0.01,10.0,99.94897959183675,68.09338521400778
3,0.001,0.01,10.0,81.37755102040816,63.22957198443579
3,0.01,0.01,10.0,99.64285714285714,67.50972762645915
3,0.1,0.01,10.0,99.94897959183675,68.48249027237354
3,1.0,0.01,10.0,99.94897959183675,68.8715953307393
3,10.0,0.01,10.0,99.94897959183675,68.8715953307393
3,100.0,0.01,10.0,99.94897959183675,68.8715953307393
4,0.001,0.01,10.0,99.28571428571429,66.9260700389105
4,0.01,0.01,10.0,99.94897959183675,68.28793774319067
4,0.1,0.01,10.0,99.94897959183675,68.67704280155642
4,1.0,0.01,10.0,99.94897959183675,68.8715953307393
4,10.0,0.01,10.0,99.94897959183675,68.8715953307393
1,0.001,0.01,100.0,23.36734693877551,21.011673151750973
1,0.01,0.01,100.0,23.36734693877551,21.011673151750973
1,0.1,0.01,100.0,43.826530612244895,34.824902723735406
1,1.0,0.01,100.0,93.31632653061224,66.14785992217898
1,10.0,0.01,100.0,99.59183673469387,65.95330739299611
1,100.0,0.01,100.0,99.84693877551021,65.95330739299611
2,0.001,0.01,100.0,69.43877551020408,54.6692607003891
2,0.01,0.01,100.0,97.90816326530613,66.14785992217898
2,0.1,0.01,100.0,99.79591836734694,66.14785992217898
2,1.0,0.01,100.0,99.94897959183675,67.89883268482491
2,10.0,0.01,100.0,99.94897959183675,68.09338521400778
2,100.0,0.01,100.0,99.94897959183675,68.09338521400778
3,0.001,0.01,100.0,99.79591836734694,65.75875486381322
3,0.01,0.01,100.0,99.94897959183675,65.95330739299611
3,0.1,0.01,100.0,99.94897959183675,67.70428015564202
3,1.0,0.01,100.0,99.94897959183675,68.48249027237354
3,10.0,0.01,100.0,99.94897959183675,68.8715953307393
3,100.0,0.01,100.0,99.94897959183675,68.8715953307393
4,0.001,0.01,100.0,99.94897959183675,65.75875486381322
4,0.01,0.01,100.0,99.94897959183675,65.95330739299611
4,0.1,0.01,100.0,99.94897959183675,68.28793774319067
4,1.0,0.01,100.0,99.94897959183675,68.67704280155642
4,10.0,0.01,100.0,99.94897959183675,68.8715953307393
1,0.001,0.1,0.001,23.36734693877551,21.011673151750973
1,0.01,0.1,0.001,43.87755102040816,34.824902723735406
1,0.1,0.1,0.001,93.31632653061224,66.14785992217898
1,1.0,0.1,0.001,99.59183673469387,65.95330739299611
1,10.0,0.1,0.001,99.84693877551021,65.95330739299611
1,100.0,0.1,0.001,99.94897959183675,65.95330739299611
2,0.001,0.1,0.001,23.77551020408163,21.78988326848249
2,0.01,0.1,0.001,97.29591836734693,67.70428015564202
2,0.1,0.1,0.001,99.94897959183675,68.09338521400778
2,1.0,0.1,0.001,99.94897959183675,68.09338521400778
2,10.0,0.1,0.001,99.94897959183675,68.09338521400778
2,100.0,0.1,0.001,99.94897959183675,68.09338521400778
3,0.001,0.1,0.001,23.8265306122449,21.78988326848249
3,0.01,0.1,0.001,99.74489795918367,68.48249027237354
3,0.1,0.1,0.001,99.94897959183675,68.8715953307393
3,1.0,0.1,0.001,99.94897959183675,68.8715953307393
3,10.0,0.1,0.001,99.94897959183675,68.8715953307393
3,100.0,0.1,0.001,99.94897959183675,68.8715953307393
4,0.001,0.1,0.001,23.92857142857143,21.40077821011673
4,0.01,0.1,0.001,99.94897959183675,68.8715953307393
4,0.1,0.1,0.001,99.94897959183675,68.8715953307393
4,1.0,0.1,0.001,99.94897959183675,68.8715953307393
4,10.0,0.1,0.001,99.94897959183675,68.8715953307393
4,100.0,0.1,0.001,98.41836734693878,68.8715953307393
1,0.001,0.1,0.01,23.36734693877551,21.011673151750973
1,0.01,0.1,0.01,43.826530612244895,34.824902723735406
1,0.1,0.1,0.01,93.31632653061224,66.14785992217898
1,1.0,0.1,0.01,99.59183673469387,65.95330739299611
1,10.0,0.1,0.01,99.84693877551021,65.95330739299611
1,100.0,0.1,0.01,99.94897959183675,65.95330739299611
2,0.001,0.1,0.01,23.77551020408163,21.78988326848249
2,0.01,0.1,0.01,97.29591836734693,67.89883268482491
2,0.1,0.1,0.01,99.94897959183675,68.09338521400778
2,1.0,0.1,0.01,99.94897959183675,68.09338521400778
2,10.0,0.1,0.01,99.94897959183675,68.09338521400778
2,100.0,0.1,0.01,99.94897959183675,68.09338521400778
3,0.001,0.1,0.01,23.8265306122449,21.78988326848249
3,0.01,0.1,0.01,99.74489795918367,68.48249027237354
3,0.1,0.1,0.01,99.94897959183675,68.8715953307393
3,1.0,0.1,0.01,99.94897959183675,68.8715953307393
3,10.0,0.1,0.01,99.94897959183675,68.8715953307393
3,100.0,0.1,0.01,99.94897959183675,68.8715953307393
4,0.001,0.1,0.01,23.92857142857143,21.40077821011673
4,0.01,0.1,0.01,99.94897959183675,68.8715953307393
4,0.1,0.1,0.01,99.94897959183675,68.8715953307393
4,1.0,0.1,0.01,99.94897959183675,68.8715953307393
1,0.001,0.1,0.1,23.36734693877551,21.011673151750973
1,0.01,0.1,0.1,43.87755102040816,34.824902723735406
1,0.1,0.1,0.1,93.31632653061224,66.14785992217898
1,1.0,0.1,0.1,99.59183673469387,65.95330739299611
1,10.0,0.1,0.1,99.84693877551021,65.95330739299611
1,100.0,0.1,0.1,99.94897959183675,65.95330739299611
2,0.001,0.1,0.1,23.72448979591837,21.78988326848249
2,0.01,0.1,0.1,97.39795918367346,67.70428015564202
2,0.1,0.1,0.1,99.94897959183675,68.09338521400778
2,1.0,0.1,0.1,99.94897959183675,68.09338521400778
2,10.0,0.1,0.1,99.94897959183675,68.09338521400778
2,100.0,0.1,0.1,99.94897959183675,68.09338521400778
3,0.001,0.1,0.1,23.8265306122449,21.98443579766537
3,0.01,0.1,0.1,99.74489795918367,68.48249027237354
3,0.1,0.1,0.1,99.94897959183675,68.8715953307393
3,1.0,0.1,0.1,99.94897959183675,68.8715953307393
3,10.0,0.1,0.1,99.94897959183675,68.8715953307393
3,100.0,0.1,0.1,99.94897959183675,68.8715953307393
4,0.001,0.1,0.1,23.77551020408163,21.40077821011673
4,0.01,0.1,0.1,99.94897959183675,68.8715953307393
4,0.1,0.1,0.1,99.94897959183675,68.8715953307393
4,1.0,0.1,0.1,99.94897959183675,68.8715953307393
4,10.0,0.1,0.1,99.94897959183675,68.67704280155642
4,100.0,0.1,0.1,98.41836734693878,68.8715953307393
1,0.001,0.1,1.0,23.36734693877551,21.011673151750973
1,0.01,0.1,1.0,43.826530612244895,34.824902723735406
1,0.1,0.1,1.0,93.31632653061224,66.14785992217898
1,1.0,0.1,1.0,99.59183673469387,65.95330739299611
1,10.0,0.1,1.0,99.84693877551021,65.95330739299611
1,100.0,0.1,1.0,99.94897959183675,65.95330739299611
2,0.001,0.1,1.0,23.520408163265305,21.40077821011673
2,0.01,0.1,1.0,97.8061224489796,67.12062256809338
2,0.1,0.1,1.0,99.94897959183675,68.09338521400778
2,1.0,0.1,1.0,99.94897959183675,68.09338521400778
2,10.0,0.1,1.0,99.94897959183675,68.09338521400778
2,100.0,0.1,1.0,99.94897959183675,68.09338521400778
3,0.001,0.1,1.0,42.80612244897959,35.40856031128405
3,0.01,0.1,1.0,99.79591836734694,68.28793774319067
3,0.1,0.1,1.0,99.94897959183675,68.8715953307393
3,1.0,0.1,1.0,99.94897959183675,68.8715953307393
3,10.0,0.1,1.0,99.94897959183675,68.8715953307393
3,100.0,0.1,1.0,99.94897959183675,68.8715953307393
4,0.001,0.1,1.0,75.91836734693878,59.92217898832685
4,0.01,0.1,1.0,99.94897959183675,68.67704280155642
4,0.1,0.1,1.0,99.94897959183675,68.8715953307393
4,1.0,0.1,1.0,99.94897959183675,68.8715953307393
4,10.0,0.1,1.0,99.94897959183675,68.48249027237354
4,100.0,0.1,1.0,98.41836734693878,68.8715953307393
1,0.001,0.1,10.0,23.36734693877551,21.011673151750973
1,0.01,0.1,10.0,43.826530612244895,34.824902723735406
1,0.1,0.1,10.0,93.31632653061224,66.14785992217898
1,1.0,0.1,10.0,99.59183673469387,65.95330739299611
1,10.0,0.1,10.0,99.84693877551021,65.95330739299611
1,100.0,0.1,10.0,99.94897959183675,65.95330739299611
2,0.001,0.1,10.0,71.27551020408164,56.42023346303502
2,0.01,0.1,10.0,99.13265306122449,66.53696498054474
2,0.1,0.1,10.0,99.94897959183675,67.89883268482491
2,1.0,0.1,10.0,99.94897959183675,68.09338521400778
2,10.0,0.1,10.0,99.94897959183675,68.09338521400778
2,100.0,0.1,10.0,99.94897959183675,68.09338521400778
3,0.001,0.1,10.0,99.03061224489797,66.53696498054474
3,0.01,0.1,10.0,99.89795918367346,67.70428015564202
3,0.1,0.1,10.0,99.94897959183675,68.48249027237354
3,1.0,0.1,10.0,99.94897959183675,68.8715953307393
3,10.0,0.1,10.0,99.94897959183675,68.8715953307393
3,100.0,0.1,10.0,99.94897959183675,68.8715953307393
4,0.001,0.1,10.0,99.84693877551021,65.56420233463035
4,0.01,0.1,10.0,99.94897959183675,68.28793774319067
4,0.1,0.1,10.0,99.94897959183675,68.67704280155642
4,1.0,0.1,10.0,99.94897959183675,68.8715953307393
4,10.0,0.1,10.0,99.94897959183675,68.67704280155642
1,0.001,0.1,100.0,23.36734693877551,21.011673151750973
1,0.01,0.1,100.0,43.826530612244895,34.824902723735406
1,0.1,0.1,100.0,93.31632653061224,66.14785992217898
1,1.0,0.1,100.0,99.59183673469387,65.95330739299611
1,10.0,0.1,100.0,99.84693877551021,65.95330739299611
1,100.0,0.1,100.0,99.94897959183675,65.95330739299611
2,0.001,0.1,100.0,97.60204081632654,66.34241245136187
2,0.01,0.1,100.0,99.74489795918367,65.56420233463035
2,0.1,0.1,100.0,99.94897959183675,66.53696498054474
2,1.0,0.1,100.0,99.94897959183675,67.89883268482491
2,10.0,0.1,100.0,99.94897959183675,68.09338521400778
2,100.0,0.1,100.0,99.94897959183675,68.09338521400778
3,0.001,0.1,100.0,99.94897959183675,65.95330739299611
3,0.01,0.1,100.0,99.94897959183675,65.95330739299611
3,0.1,0.1,100.0,99.94897959183675,67.70428015564202
3,1.0,0.1,100.0,99.94897959183675,68.48249027237354
3,10.0,0.1,100.0,99.94897959183675,68.8715953307393
3,100.0,0.1,100.0,99.94897959183675,68.67704280155642
4,0.001,0.1,100.0,99.94897959183675,65.75875486381322
4,0.01,0.1,100.0,99.94897959183675,65.95330739299611
4,0.1,0.1,100.0,99.94897959183675,68.28793774319067
4,1.0,0.1,100.0,99.94897959183675,68.67704280155642
4,10.0,0.1,100.0,99.94897959183675,68.48249027237354
1,0.001,1,0.001,43.87755102040816,34.824902723735406
1,0.01,1,0.001,93.31632653061224,66.14785992217898
1,0.1,1,0.001,99.59183673469387,65.95330739299611
1,1.0,1,0.001,99.84693877551021,65.95330739299611
1,10.0,1,0.001,99.94897959183675,65.95330739299611
1,100.0,1,0.001,99.94897959183675,65.95330739299611
2,0.001,1,0.001,63.62244897959184,50.38910505836576
2,0.01,1,0.001,99.74489795918367,67.89883268482491
2,0.1,1,0.001,99.94897959183675,68.09338521400778
2,1.0,1,0.001,99.94897959183675,68.09338521400778
2,10.0,1,0.001,99.94897959183675,68.09338521400778
2,100.0,1,0.001,99.94897959183675,68.09338521400778
3,0.001,1,0.001,71.12244897959184,56.42023346303502
3,0.01,1,0.001,99.94897959183675,68.8715953307393
3,0.1,1,0.001,99.94897959183675,68.8715953307393
3,1.0,1,0.001,99.94897959183675,68.8715953307393
3,10.0,1,0.001,99.94897959183675,68.8715953307393
3,100.0,1,0.001,99.94897959183675,68.67704280155642
4,0.001,1,0.001,74.43877551020408,58.5603112840467
4,0.01,1,0.001,99.94897959183675,68.8715953307393
4,0.1,1,0.001,99.94897959183675,68.8715953307393
4,1.0,1,0.001,99.94897959183675,68.8715953307393
4,100.0,1,0.001,99.18367346938776,68.8715953307393
1,0.001,1,0.01,43.826530612244895,34.824902723735406
1,0.01,1,0.01,93.31632653061224,66.14785992217898
1,0.1,1,0.01,99.59183673469387,65.95330739299611
1,1.0,1,0.01,99.84693877551021,65.95330739299611
1,10.0,1,0.01,99.94897959183675,65.95330739299611
1,100.0,1,0.01,99.94897959183675,65.95330739299611
2,0.001,1,0.01,63.92857142857142,50.583657587548636
2,0.01,1,0.01,99.74489795918367,67.89883268482491
2,0.1,1,0.01,99.94897959183675,68.09338521400778
2,1.0,1,0.01,99.94897959183675,68.09338521400778
2,10.0,1,0.01,99.94897959183675,68.09338521400778
2,100.0,1,0.01,99.94897959183675,68.09338521400778
3,0.001,1,0.01,71.47959183673468,57.58754863813229
3,0.01,1,0.01,99.94897959183675,68.8715953307393
3,0.1,1,0.01,99.94897959183675,68.8715953307393
3,1.0,1,0.01,99.94897959183675,68.8715953307393
3,10.0,1,0.01,99.94897959183675,68.8715953307393
3,100.0,1,0.01,99.94897959183675,68.8715953307393
4,0.001,1,0.01,75.10204081632654,59.92217898832685
4,0.01,1,0.01,99.94897959183675,68.8715953307393
4,0.1,1,0.01,99.94897959183675,68.8715953307393
4,1.0,1,0.01,99.94897959183675,68.8715953307393
1,0.001,1,0.1,43.826530612244895,34.824902723735406
1,0.01,1,0.1,93.31632653061224,66.14785992217898
1,0.1,1,0.1,99.59183673469387,65.95330739299611
1,1.0,1,0.1,99.84693877551021,65.95330739299611
1,10.0,1,0.1,99.94897959183675,65.95330739299611
1,100.0,1,0.1,99.94897959183675,65.95330739299611
2,0.001,1,0.1,67.75510204081633,54.08560311284047
2,0.01,1,0.1,99.74489795918367,67.89883268482491
2,0.1,1,0.1,99.94897959183675,68.09338521400778
2,1.0,1,0.1,99.94897959183675,68.09338521400778
2,10.0,1,0.1,99.94897959183675,68.09338521400778
2,100.0,1,0.1,99.94897959183675,68.09338521400778
3,0.001,1,0.1,77.55102040816327,62.06225680933852
3,0.01,1,0.1,99.94897959183675,68.8715953307393
3,0.1,1,0.1,99.94897959183675,68.8715953307393
3,1.0,1,0.1,99.94897959183675,68.8715953307393
3,10.0,1,0.1,99.94897959183675,68.8715953307393
3,100.0,1,0.1,99.94897959183675,68.67704280155642
4,0.001,1,0.1,81.78571428571428,63.61867704280155
4,0.01,1,0.1,99.94897959183675,68.8715953307393
4,0.1,1,0.1,99.94897959183675,68.8715953307393
4,1.0,1,0.1,99.94897959183675,68.8715953307393
4,10.0,1,0.1,99.43877551020408,69.64980544747081
4,100.0,1,0.1,99.18367346938776,68.8715953307393
1,0.001,1,1.0,43.87755102040816,34.824902723735406
1,0.01,1,1.0,93.31632653061224,66.14785992217898
1,0.1,1,1.0,99.59183673469387,65.95330739299611
1,1.0,1,1.0,99.84693877551021,65.95330739299611
1,10.0,1,1.0,99.94897959183675,65.95330739299611
1,100.0,1,1.0,99.94897959183675,65.95330739299611
2,0.001,1,1.0,82.5,65.1750972762646
2,0.01,1,1.0,99.74489795918367,67.70428015564202
2,0.1,1,1.0,99.94897959183675,68.09338521400778
2,1.0,1,1.0,99.94897959183675,68.09338521400778
2,10.0,1,1.0,99.94897959183675,68.09338521400778
2,100.0,1,1.0,99.94897959183675,68.09338521400778
3,0.001,1,1.0,94.33673469387756,67.70428015564202
3,0.01,1,1.0,99.94897959183675,68.48249027237354
3,0.1,1,1.0,99.94897959183675,68.8715953307393
3,1.0,1,1.0,99.94897959183675,68.8715953307393
3,10.0,1,1.0,99.94897959183675,68.8715953307393
3,100.0,1,1.0,99.94897959183675,68.8715953307393
4,0.001,1,1.0,98.87755102040816,67.89883268482491
4,0.01,1,1.0,99.94897959183675,68.67704280155642
4,0.1,1,1.0,99.94897959183675,68.8715953307393
4,1.0,1,1.0,99.94897959183675,68.8715953307393
4,100.0,1,1.0,99.18367346938776,68.8715953307393
1,0.001,1,10.0,43.826530612244895,34.824902723735406
1,0.01,1,10.0,93.31632653061224,66.14785992217898
1,0.1,1,10.0,99.59183673469387,65.95330739299611
1,1.0,1,10.0,99.84693877551021,65.95330739299611
1,10.0,1,10.0,99.94897959183675,65.95330739299611
1,100.0,1,10.0,99.94897959183675,65.95330739299611
2,0.001,1,10.0,97.90816326530613,66.14785992217898
2,0.01,1,10.0,99.79591836734694,66.14785992217898
2,0.1,1,10.0,99.94897959183675,67.89883268482491
2,1.0,1,10.0,99.94897959183675,68.09338521400778
2,10.0,1,10.0,99.94897959183675,68.09338521400778
2,100.0,1,10.0,99.94897959183675,68.09338521400778
3,0.001,1,10.0,99.79591836734694,65.75875486381322
3,0.01,1,10.0,99.94897959183675,67.70428015564202
3,0.1,1,10.0,99.94897959183675,68.48249027237354
3,1.0,1,10.0,99.94897959183675,68.8715953307393
3,10.0,1,10.0,99.94897959183675,68.8715953307393
3,100.0,1,10.0,99.94897959183675,68.67704280155642
4,0.001,1,10.0,99.94897959183675,65.95330739299611
4,0.01,1,10.0,99.94897959183675,68.28793774319067
4,0.1,1,10.0,99.94897959183675,68.67704280155642
4,1.0,1,10.0,99.94897959183675,68.8715953307393
4,10.0,1,10.0,99.18367346938776,69.06614785992218
1,0.001,1,100.0,43.87755102040816,34.824902723735406
1,0.01,1,100.0,93.31632653061224,66.14785992217898
1,0.1,1,100.0,99.59183673469387,65.95330739299611
1,1.0,1,100.0,99.84693877551021,65.95330739299611
1,10.0,1,100.0,99.94897959183675,65.95330739299611
1,100.0,1,100.0,99.94897959183675,65.95330739299611
2,0.001,1,100.0,99.74489795918367,65.75875486381322
2,0.01,1,100.0,99.94897959183675,65.75875486381322
2,0.1,1,100.0,99.94897959183675,66.53696498054474
2,1.0,1,100.0,99.94897959183675,67.89883268482491
2,10.0,1,100.0,99.94897959183675,68.09338521400778
2,100.0,1,100.0,99.94897959183675,68.09338521400778
3,0.001,1,100.0,99.94897959183675,65.95330739299611
3,0.01,1,100.0,99.94897959183675,65.95330739299611
3,0.1,1,100.0,99.94897959183675,67.70428015564202
3,1.0,1,100.0,99.94897959183675,68.48249027237354
3,10.0,1,100.0,99.94897959183675,68.8715953307393
4,0.001,1,100.0,99.94897959183675,65.75875486381322
4,0.01,1,100.0,99.94897959183675,65.95330739299611
4,0.1,1,100.0,99.94897959183675,68.28793774319067
4,1.0,1,100.0,99.94897959183675,68.67704280155642
4,10.0,1,100.0,99.48979591836735,68.67704280155642
1,0.001,10,0.001,93.31632653061224,66.14785992217898
1,0.01,10,0.001,99.59183673469387,65.95330739299611
1,0.1,10,0.001,99.84693877551021,65.95330739299611
1,1.0,10,0.001,99.94897959183675,65.95330739299611
1,10.0,10,0.001,99.94897959183675,65.95330739299611
1,100.0,10,0.001,99.94897959183675,65.95330739299611
2,0.001,10,0.001,97.29591836734693,67.89883268482491
2,0.01,10,0.001,99.94897959183675,68.09338521400778
2,0.1,10,0.001,99.94897959183675,68.09338521400778
2,1.0,10,0.001,99.94897959183675,68.09338521400778
2,10.0,10,0.001,99.94897959183675,68.09338521400778
2,100.0,10,0.001,99.94897959183675,68.09338521400778
3,0.001,10,0.001,98.62244897959184,68.28793774319067
3,0.01,10,0.001,99.94897959183675,68.8715953307393
3,0.1,10,0.001,99.94897959183675,68.8715953307393
3,1.0,10,0.001,99.94897959183675,68.8715953307393
3,10.0,10,0.001,99.94897959183675,68.8715953307393
4,0.001,10,0.001,99.03061224489797,68.67704280155642
4,0.01,10,0.001,99.94897959183675,68.8715953307393
4,0.1,10,0.001,99.94897959183675,68.8715953307393
4,1.0,10,0.001,99.94897959183675,68.8715953307393
4,100.0,10,0.001,99.18367346938776,68.8715953307393
1,0.001,10,0.01,93.31632653061224,66.14785992217898
1,0.01,10,0.01,99.59183673469387,65.95330739299611
1,0.1,10,0.01,99.84693877551021,65.95330739299611
1,1.0,10,0.01,99.94897959183675,65.95330739299611
1,10.0,10,0.01,99.94897959183675,65.95330739299611
1,100.0,10,0.01,99.94897959183675,65.95330739299611
2,0.001,10,0.01,97.39795918367346,67.70428015564202
2,0.01,10,0.01,99.94897959183675,68.09338521400778
2,0.1,10,0.01,99.94897959183675,68.09338521400778
2,1.0,10,0.01,99.94897959183675,68.09338521400778
2,10.0,10,0.01,99.94897959183675,68.09338521400778
2,100.0,10,0.01,99.94897959183675,68.09338521400778
3,0.001,10,0.01,98.62244897959184,68.48249027237354
3,0.01,10,0.01,99.94897959183675,68.8715953307393
3,0.1,10,0.01,99.94897959183675,68.8715953307393
3,1.0,10,0.01,99.94897959183675,68.8715953307393
3,10.0,10,0.01,99.94897959183675,68.8715953307393
3,100.0,10,0.01,99.38775510204081,69.64980544747081
4,0.001,10,0.01,99.03061224489797,68.67704280155642
4,0.01,10,0.01,99.94897959183675,68.8715953307393
4,0.1,10,0.01,99.94897959183675,68.8715953307393
4,1.0,10,0.01,99.94897959183675,68.8715953307393
1,0.001,10,0.1,93.31632653061224,66.14785992217898
1,0.01,10,0.1,99.59183673469387,65.95330739299611
1,0.1,10,0.1,99.84693877551021,65.95330739299611
1,1.0,10,0.1,99.94897959183675,65.95330739299611
1,10.0,10,0.1,99.94897959183675,65.95330739299611
1,100.0,10,0.1,99.94897959183675,65.95330739299611
2,0.001,10,0.1,97.8061224489796,67.12062256809338
2,0.01,10,0.1,99.94897959183675,68.09338521400778
2,0.1,10,0.1,99.94897959183675,68.09338521400778
2,1.0,10,0.1,99.94897959183675,68.09338521400778
2,10.0,10,0.1,99.94897959183675,68.09338521400778
2,100.0,10,0.1,99.94897959183675,68.09338521400778
3,0.001,10,0.1,99.03061224489797,68.48249027237354
3,0.01,10,0.1,99.94897959183675,68.8715953307393
3,0.1,10,0.1,99.94897959183675,68.8715953307393
3,1.0,10,0.1,99.94897959183675,68.8715953307393
3,10.0,10,0.1,99.94897959183675,68.8715953307393
3,100.0,10,0.1,99.43877551020408,69.06614785992218
4,0.001,10,0.1,99.23469387755102,68.8715953307393
4,0.01,10,0.1,99.94897959183675,68.8715953307393
4,0.1,10,0.1,99.94897959183675,68.8715953307393
4,1.0,10,0.1,99.94897959183675,68.8715953307393
4,10.0,10,0.1,99.03061224489797,68.8715953307393
4,100.0,10,0.1,99.18367346938776,68.8715953307393
1,0.001,10,1.0,93.31632653061224,66.14785992217898
1,0.01,10,1.0,99.59183673469387,65.95330739299611
1,0.1,10,1.0,99.84693877551021,65.95330739299611
1,1.0,10,1.0,99.94897959183675,65.95330739299611
1,10.0,10,1.0,99.94897959183675,65.95330739299611
1,100.0,10,1.0,99.94897959183675,65.95330739299611
2,0.001,10,1.0,99.13265306122449,66.53696498054474
2,0.01,10,1.0,99.94897959183675,67.89883268482491
2,0.1,10,1.0,99.94897959183675,68.09338521400778
2,1.0,10,1.0,99.94897959183675,68.09338521400778
2,10.0,10,1.0,99.94897959183675,68.09338521400778
2,100.0,10,1.0,99.94897959183675,68.09338521400778
3,0.001,10,1.0,99.64285714285714,67.50972762645915
3,0.01,10,1.0,99.94897959183675,68.48249027237354
3,0.1,10,1.0,99.94897959183675,68.8715953307393
3,1.0,10,1.0,99.94897959183675,68.8715953307393
3,10.0,10,1.0,99.94897959183675,68.8715953307393
3,100.0,10,1.0,99.48979591836735,69.06614785992218
4,0.001,10,1.0,99.74489795918367,68.09338521400778
4,0.01,10,1.0,99.94897959183675,68.67704280155642
4,0.1,10,1.0,99.94897959183675,68.8715953307393
4,1.0,10,1.0,99.94897959183675,68.8715953307393
4,100.0,10,1.0,99.18367346938776,68.8715953307393
1,0.001,10,10.0,93.31632653061224,66.14785992217898
1,0.01,10,10.0,99.59183673469387,65.95330739299611
1,0.1,10,10.0,99.84693877551021,65.95330739299611
1,1.0,10,10.0,99.94897959183675,65.95330739299611
1,10.0,10,10.0,99.94897959183675,65.95330739299611
1,100.0,10,10.0,99.94897959183675,65.95330739299611
2,0.001,10,10.0,99.74489795918367,65.56420233463035
2,0.01,10,10.0,99.94897959183675,66.53696498054474
2,0.1,10,10.0,99.94897959183675,67.89883268482491
2,1.0,10,10.0,99.94897959183675,68.09338521400778
2,10.0,10,10.0,99.94897959183675,68.09338521400778
2,100.0,10,10.0,99.94897959183675,68.09338521400778
3,0.001,10,10.0,99.94897959183675,65.95330739299611
3,0.01,10,10.0,99.94897959183675,67.70428015564202
3,0.1,10,10.0,99.94897959183675,68.48249027237354
3,1.0,10,10.0,99.94897959183675,68.8715953307393
3,10.0,10,10.0,99.94897959183675,68.8715953307393
4,0.001,10,10.0,99.94897959183675,65.95330739299611
4,0.01,10,10.0,99.94897959183675,68.28793774319067
4,0.1,10,10.0,99.94897959183675,68.67704280155642
4,1.0,10,10.0,99.94897959183675,68.8715953307393
4,10.0,10,10.0,98.9795918367347,68.67704280155642
1,0.001,10,100.0,93.31632653061224,66.14785992217898
1,0.01,10,100.0,99.59183673469387,65.95330739299611
1,0.1,10,100.0,99.84693877551021,65.95330739299611
1,1.0,10,100.0,99.94897959183675,65.95330739299611
1,10.0,10,100.0,99.94897959183675,65.95330739299611
1,100.0,10,100.0,99.94897959183675,65.95330739299611
2,0.001,10,100.0,99.94897959183675,65.95330739299611
2,0.01,10,100.0,99.94897959183675,65.75875486381322
2,0.1,10,100.0,99.94897959183675,66.53696498054474
2,1.0,10,100.0,99.94897959183675,67.89883268482491
2,10.0,10,100.0,99.94897959183675,68.09338521400778
2,100.0,10,100.0,99.94897959183675,68.09338521400778
3,0.001,10,100.0,99.94897959183675,65.95330739299611
3,0.01,10,100.0,99.94897959183675,65.95330739299611
3,0.1,10,100.0,99.94897959183675,67.70428015564202
3,1.0,10,100.0,99.94897959183675,68.48249027237354
3,10.0,10,100.0,99.94897959183675,68.8715953307393
4,0.001,10,100.0,99.94897959183675,65.75875486381322
4,0.01,10,100.0,99.94897959183675,65.95330739299611
4,0.1,10,100.0,99.94897959183675,68.28793774319067
4,1.0,10,100.0,99.94897959183675,68.67704280155642
4,10.0,10,100.0,98.92857142857143,69.26070038910505
1,0.001,100,0.001,99.59183673469387,65.95330739299611
1,0.01,100,0.001,99.84693877551021,65.95330739299611
1,0.1,100,0.001,99.94897959183675,65.95330739299611
1,1.0,100,0.001,99.94897959183675,65.95330739299611
1,10.0,100,0.001,99.94897959183675,65.95330739299611
1,100.0,100,0.001,99.94897959183675,65.95330739299611
2,0.001,100,0.001,99.74489795918367,67.89883268482491
2,0.01,100,0.001,99.94897959183675,68.09338521400778
2,0.1,100,0.001,99.94897959183675,68.09338521400778
2,1.0,100,0.001,99.94897959183675,68.09338521400778
2,10.0,100,0.001,99.94897959183675,68.09338521400778
2,100.0,100,0.001,99.94897959183675,68.09338521400778
3,0.001,100,0.001,99.74489795918367,68.48249027237354
3,0.01,100,0.001,99.94897959183675,68.8715953307393
3,0.1,100,0.001,99.94897959183675,68.8715953307393
3,1.0,100,0.001,99.94897959183675,68.8715953307393
3,10.0,100,0.001,99.94897959183675,68.8715953307393
4,0.001,100,0.001,99.79591836734694,68.48249027237354
4,0.01,100,0.001,99.94897959183675,68.8715953307393
4,0.1,100,0.001,99.94897959183675,68.8715953307393
4,1.0,100,0.001,99.94897959183675,68.8715953307393
4,100.0,100,0.001,99.18367346938776,68.8715953307393
1,0.001,100,0.01,99.59183673469387,65.95330739299611
1,0.01,100,0.01,99.84693877551021,65.95330739299611
1,0.1,100,0.01,99.94897959183675,65.95330739299611
1,1.0,100,0.01,99.94897959183675,65.95330739299611
1,10.0,100,0.01,99.94897959183675,65.95330739299611
1,100.0,100,0.01,99.94897959183675,65.95330739299611
2,0.001,100,0.01,99.74489795918367,67.89883268482491
2,0.01,100,0.01,99.94897959183675,68.09338521400778
2,0.1,100,0.01,99.94897959183675,68.09338521400778
2,1.0,100,0.01,99.94897959183675,68.09338521400778
2,10.0,100,0.01,99.94897959183675,68.09338521400778
2,100.0,100,0.01,99.94897959183675,68.09338521400778
3,0.001,100,0.01,99.74489795918367,68.48249027237354
3,0.01,100,0.01,99.94897959183675,68.8715953307393
3,0.1,100,0.01,99.94897959183675,68.8715953307393
3,1.0,100,0.01,99.94897959183675,68.8715953307393
3,10.0,100,0.01,99.94897959183675,68.8715953307393
3,100.0,100,0.01,98.87755102040816,68.8715953307393
4,0.001,100,0.01,99.79591836734694,68.28793774319067
4,0.01,100,0.01,99.94897959183675,68.8715953307393
4,0.1,100,0.01,99.94897959183675,68.8715953307393
4,1.0,100,0.01,99.94897959183675,68.8715953307393
1,0.001,100,0.1,99.59183673469387,65.95330739299611
1,0.01,100,0.1,99.84693877551021,65.95330739299611
1,0.1,100,0.1,99.94897959183675,65.95330739299611
1,1.0,100,0.1,99.94897959183675,65.95330739299611
1,10.0,100,0.1,99.94897959183675,65.95330739299611
1,100.0,100,0.1,99.94897959183675,65.95330739299611
2,0.001,100,0.1,99.74489795918367,67.70428015564202
2,0.01,100,0.1,99.94897959183675,68.09338521400778
2,0.1,100,0.1,99.94897959183675,68.09338521400778
2,1.0,100,0.1,99.94897959183675,68.09338521400778
2,10.0,100,0.1,99.94897959183675,68.09338521400778
2,100.0,100,0.1,99.94897959183675,68.09338521400778
3,0.001,100,0.1,99.79591836734694,68.28793774319067
3,0.01,100,0.1,99.94897959183675,68.8715953307393
3,0.1,100,0.1,99.94897959183675,68.8715953307393
3,1.0,100,0.1,99.94897959183675,68.8715953307393
3,10.0,100,0.1,99.94897959183675,68.8715953307393
3,100.0,100,0.1,98.87755102040816,68.67704280155642
4,0.001,100,0.1,99.84693877551021,68.09338521400778
4,0.01,100,0.1,99.94897959183675,68.8715953307393
4,0.1,100,0.1,99.94897959183675,68.8715953307393
4,1.0,100,0.1,99.94897959183675,68.8715953307393
4,10.0,100,0.1,98.62244897959184,68.8715953307393
4,100.0,100,0.1,99.18367346938776,68.8715953307393
1,0.001,100,1.0,99.59183673469387,65.95330739299611
1,0.01,100,1.0,99.84693877551021,65.95330739299611
1,0.1,100,1.0,99.94897959183675,65.95330739299611
1,1.0,100,1.0,99.94897959183675,65.95330739299611
1,10.0,100,1.0,99.94897959183675,65.95330739299611
1,100.0,100,1.0,99.94897959183675,65.95330739299611
2,0.001,100,1.0,99.79591836734694,66.14785992217898
2,0.01,100,1.0,99.94897959183675,67.89883268482491
2,0.1,100,1.0,99.94897959183675,68.09338521400778
2,1.0,100,1.0,99.94897959183675,68.09338521400778
2,10.0,100,1.0,99.94897959183675,68.09338521400778
2,100.0,100,1.0,99.94897959183675,68.09338521400778
3,0.001,100,1.0,99.89795918367346,67.70428015564202
3,0.01,100,1.0,99.94897959183675,68.48249027237354
3,0.1,100,1.0,99.94897959183675,68.8715953307393
3,1.0,100,1.0,99.94897959183675,68.8715953307393
3,10.0,100,1.0,99.94897959183675,68.8715953307393
3,100.0,100,1.0,98.87755102040816,68.67704280155642
4,0.001,100,1.0,99.94897959183675,68.28793774319067
4,0.01,100,1.0,99.94897959183675,68.67704280155642
4,0.1,100,1.0,99.94897959183675,68.8715953307393
4,1.0,100,1.0,99.94897959183675,68.8715953307393
4,100.0,100,1.0,99.18367346938776,68.8715953307393
1,0.001,100,10.0,99.59183673469387,65.95330739299611
1,0.01,100,10.0,99.84693877551021,65.95330739299611
1,0.1,100,10.0,99.94897959183675,65.95330739299611
1,1.0,100,10.0,99.94897959183675,65.95330739299611
1,10.0,100,10.0,99.94897959183675,65.95330739299611
1,100.0,100,10.0,99.94897959183675,65.95330739299611
2,0.001,100,10.0,99.94897959183675,65.75875486381322
2,0.01,100,10.0,99.94897959183675,66.53696498054474
2,0.1,100,10.0,99.94897959183675,67.89883268482491
2,1.0,100,10.0,99.94897959183675,68.09338521400778
2,10.0,100,10.0,99.94897959183675,68.09338521400778
2,100.0,100,10.0,99.94897959183675,68.09338521400778
3,0.001,100,10.0,99.94897959183675,65.95330739299611
3,0.01,100,10.0,99.94897959183675,67.70428015564202
3,0.1,100,10.0,99.94897959183675,68.48249027237354
3,1.0,100,10.0,99.94897959183675,68.8715953307393
3,10.0,100,10.0,99.94897959183675,68.67704280155642
4,0.001,100,10.0,99.94897959183675,65.95330739299611
4,0.01,100,10.0,99.94897959183675,68.28793774319067
4,0.1,100,10.0,99.94897959183675,68.67704280155642
4,1.0,100,10.0,99.94897959183675,68.8715953307393
4,10.0,100,10.0,98.62244897959184,68.8715953307393
1,0.001,100,100.0,99.59183673469387,65.95330739299611
1,0.01,100,100.0,99.84693877551021,65.95330739299611
1,0.1,100,100.0,99.94897959183675,65.95330739299611
1,1.0,100,100.0,99.94897959183675,65.95330739299611
1,10.0,100,100.0,99.94897959183675,65.95330739299611
1,100.0,100,100.0,99.94897959183675,65.95330739299611
2,0.001,100,100.0,99.94897959183675,65.95330739299611
2,0.01,100,100.0,99.94897959183675,65.75875486381322
2,0.1,100,100.0,99.94897959183675,66.53696498054474
2,1.0,100,100.0,99.94897959183675,67.89883268482491
2,10.0,100,100.0,99.94897959183675,68.09338521400778
2,100.0,100,100.0,99.94897959183675,68.09338521400778
3,0.001,100,100.0,99.94897959183675,65.95330739299611
3,0.01,100,100.0,99.94897959183675,65.95330739299611
3,0.1,100,100.0,99.94897959183675,67.70428015564202
3,1.0,100,100.0,99.94897959183675,68.48249027237354
3,10.0,100,100.0,99.94897959183675,68.8715953307393
4,0.001,100,100.0,99.94897959183675,65.75875486381322
4,0.01,100,100.0,99.94897959183675,65.95330739299611
4,0.1,100,100.0,99.94897959183675,68.28793774319067
4,1.0,100,100.0,99.94897959183675,68.67704280155642
4,10.0,100,100.0,98.46938775510205,68.8715953307393
1,0.001,1000,0.001,99.84693877551021,65.95330739299611
1,0.01,1000,0.001,99.94897959183675,65.95330739299611
1,0.1,1000,0.001,99.94897959183675,65.95330739299611
1,1.0,1000,0.001,99.94897959183675,65.95330739299611
1,10.0,1000,0.001,99.94897959183675,65.95330739299611
1,100.0,1000,0.001,99.94897959183675,65.95330739299611
2,0.001,1000,0.001,99.94897959183675,68.09338521400778
2,0.01,1000,0.001,99.94897959183675,68.09338521400778
2,0.1,1000,0.001,99.94897959183675,68.09338521400778
2,1.0,1000,0.001,99.94897959183675,68.09338521400778
2,10.0,1000,0.001,99.94897959183675,68.09338521400778
2,100.0,1000,0.001,99.94897959183675,68.09338521400778
3,0.001,1000,0.001,99.94897959183675,68.8715953307393
3,0.01,1000,0.001,99.94897959183675,68.8715953307393
3,0.1,1000,0.001,99.94897959183675,68.8715953307393
3,1.0,1000,0.001,99.94897959183675,68.8715953307393
3,10.0,1000,0.001,99.94897959183675,68.67704280155642
4,0.001,1000,0.001,99.94897959183675,68.8715953307393
4,0.01,1000,0.001,99.94897959183675,68.8715953307393
4,0.1,1000,0.001,99.94897959183675,68.8715953307393
4,1.0,1000,0.001,99.94897959183675,68.8715953307393
4,100.0,1000,0.001,99.18367346938776,68.8715953307393
1,0.001,1000,0.01,99.84693877551021,65.95330739299611
1,0.01,1000,0.01,99.94897959183675,65.95330739299611
1,0.1,1000,0.01,99.94897959183675,65.95330739299611
1,1.0,1000,0.01,99.94897959183675,65.95330739299611
1,10.0,1000,0.01,99.94897959183675,65.95330739299611
1,100.0,1000,0.01,99.94897959183675,65.95330739299611
2,0.001,1000,0.01,99.94897959183675,68.09338521400778
2,0.01,1000,0.01,99.94897959183675,68.09338521400778
2,0.1,1000,0.01,99.94897959183675,68.09338521400778
2,1.0,1000,0.01,99.94897959183675,68.09338521400778
2,10.0,1000,0.01,99.94897959183675,68.09338521400778
2,100.0,1000,0.01,99.94897959183675,68.09338521400778
3,0.001,1000,0.01,99.94897959183675,68.8715953307393
3,0.01,1000,0.01,99.94897959183675,68.8715953307393
3,0.1,1000,0.01,99.94897959183675,68.8715953307393
3,1.0,1000,0.01,99.94897959183675,68.8715953307393
3,10.0,1000,0.01,99.94897959183675,68.8715953307393
3,100.0,1000,0.01,99.23469387755102,69.06614785992218
4,0.001,1000,0.01,99.94897959183675,68.8715953307393
4,0.01,1000,0.01,99.94897959183675,68.8715953307393
4,0.1,1000,0.01,99.94897959183675,68.8715953307393
4,1.0,1000,0.01,99.94897959183675,68.67704280155642
1,0.001,1000,0.1,99.84693877551021,65.95330739299611
1,0.01,1000,0.1,99.94897959183675,65.95330739299611
1,0.1,1000,0.1,99.94897959183675,65.95330739299611
1,1.0,1000,0.1,99.94897959183675,65.95330739299611
1,10.0,1000,0.1,99.94897959183675,65.95330739299611
1,100.0,1000,0.1,99.94897959183675,65.95330739299611
2,0.001,1000,0.1,99.94897959183675,67.89883268482491
2,0.01,1000,0.1,99.94897959183675,68.09338521400778
2,0.1,1000,0.1,99.94897959183675,68.09338521400778
2,1.0,1000,0.1,99.94897959183675,68.09338521400778
2,10.0,1000,0.1,99.94897959183675,68.09338521400778
2,100.0,1000,0.1,99.94897959183675,68.09338521400778
3,0.001,1000,0.1,99.94897959183675,68.48249027237354
3,0.01,1000,0.1,99.94897959183675,68.8715953307393
3,0.1,1000,0.1,99.94897959183675,68.8715953307393
3,1.0,1000,0.1,99.94897959183675,68.8715953307393
3,10.0,1000,0.1,99.94897959183675,68.8715953307393
3,100.0,1000,0.1,99.23469387755102,69.06614785992218
4,0.001,1000,0.1,99.94897959183675,68.67704280155642
4,0.01,1000,0.1,99.94897959183675,68.8715953307393
4,0.1,1000,0.1,99.94897959183675,68.8715953307393
4,1.0,1000,0.1,99.94897959183675,68.48249027237354
4,10.0,1000,0.1,98.41836734693878,68.8715953307393
4,100.0,1000,0.1,99.18367346938776,68.8715953307393
1,0.001,1000,1.0,99.84693877551021,65.95330739299611
1,0.01,1000,1.0,99.94897959183675,65.95330739299611
1,0.1,1000,1.0,99.94897959183675,65.95330739299611
1,1.0,1000,1.0,99.94897959183675,65.95330739299611
1,10.0,1000,1.0,99.94897959183675,65.95330739299611
1,100.0,1000,1.0,99.94897959183675,65.95330739299611
2,0.001,1000,1.0,99.94897959183675,66.53696498054474
2,0.01,1000,1.0,99.94897959183675,67.89883268482491
2,0.1,1000,1.0,99.94897959183675,68.09338521400778
2,1.0,1000,1.0,99.94897959183675,68.09338521400778
2,10.0,1000,1.0,99.94897959183675,68.09338521400778
2,100.0,1000,1.0,99.94897959183675,68.09338521400778
3,0.001,1000,1.0,99.94897959183675,67.70428015564202
3,0.01,1000,1.0,99.94897959183675,68.48249027237354
3,0.1,1000,1.0,99.94897959183675,68.8715953307393
3,1.0,1000,1.0,99.94897959183675,68.8715953307393
3,10.0,1000,1.0,99.94897959183675,68.8715953307393
3,100.0,1000,1.0,99.23469387755102,69.06614785992218
4,0.001,1000,1.0,99.94897959183675,68.28793774319067
4,0.01,1000,1.0,99.94897959183675,68.67704280155642
4,0.1,1000,1.0,99.94897959183675,68.8715953307393
4,100.0,1000,1.0,99.18367346938776,68.8715953307393
1,0.001,1000,10.0,99.84693877551021,65.95330739299611
1,0.01,1000,10.0,99.94897959183675,65.95330739299611
1,0.1,1000,10.0,99.94897959183675,65.95330739299611
1,1.0,1000,10.0,99.94897959183675,65.95330739299611
1,10.0,1000,10.0,99.94897959183675,65.95330739299611
1,100.0,1000,10.0,99.94897959183675,65.95330739299611
2,0.001,1000,10.0,99.94897959183675,65.75875486381322
2,0.01,1000,10.0,99.94897959183675,66.53696498054474
2,0.1,1000,10.0,99.94897959183675,67.89883268482491
2,1.0,1000,10.0,99.94897959183675,68.09338521400778
2,10.0,1000,10.0,99.94897959183675,68.09338521400778
2,100.0,1000,10.0,99.94897959183675,68.09338521400778
3,0.001,1000,10.0,99.94897959183675,65.95330739299611
3,0.01,1000,10.0,99.94897959183675,67.70428015564202
3,0.1,1000,10.0,99.94897959183675,68.48249027237354
3,1.0,1000,10.0,99.94897959183675,68.8715953307393
4,0.001,1000,10.0,99.94897959183675,65.95330739299611
4,0.01,1000,10.0,99.94897959183675,68.28793774319067
4,0.1,1000,10.0,99.94897959183675,68.67704280155642
4,1.0,1000,10.0,99.94897959183675,68.67704280155642
4,10.0,1000,10.0,98.41836734693878,68.8715953307393
1,0.001,1000,100.0,99.84693877551021,65.95330739299611
1,0.01,1000,100.0,99.94897959183675,65.95330739299611
1,0.1,1000,100.0,99.94897959183675,65.95330739299611
1,1.0,1000,100.0,99.94897959183675,65.95330739299611
1,10.0,1000,100.0,99.94897959183675,65.95330739299611
1,100.0,1000,100.0,99.94897959183675,65.95330739299611
2,0.001,1000,100.0,99.94897959183675,65.95330739299611
2,0.01,1000,100.0,99.94897959183675,65.75875486381322
2,0.1,1000,100.0,99.94897959183675,66.53696498054474
2,1.0,1000,100.0,99.94897959183675,67.89883268482491
2,10.0,1000,100.0,99.94897959183675,68.09338521400778
2,100.0,1000,100.0,99.94897959183675,68.09338521400778
3,0.001,1000,100.0,99.94897959183675,65.95330739299611
3,0.01,1000,100.0,99.94897959183675,65.95330739299611
3,0.1,1000,100.0,99.94897959183675,67.70428015564202
3,1.0,1000,100.0,99.94897959183675,68.48249027237354
3,10.0,1000,100.0,99.94897959183675,68.8715953307393
4,0.001,1000,100.0,99.94897959183675,65.75875486381322
4,0.01,1000,100.0,99.94897959183675,65.95330739299611
4,0.1,1000,100.0,99.94897959183675,68.28793774319067
4,1.0,1000,100.0,99.94897959183675,68.28793774319067
4,10.0,1000,100.0,98.41836734693878,68.8715953307393
